"rel","bundle","v42","scripts","ext","links","oldv","batch","kb"
"404.html","ui-bundle","да","1","0","1","0","Phase 7: Тираж: страницы 81-84 (последние)","10,3"
"index.html","home-bundle","да","2","0","1","2","Perf: главная — home.css инлайном, home-bundle.js, print.css media=print","98,3"
"offline.html","без скриптов","—","0","0","1","0","Phase 7: Тираж: страницы 81-84 (последние)","5,5"
"search.html","ui-bundle","да","2","0","1","0","Phase 7: Тираж: страницы 61-70","11,9"
"about\index.html","ui-bundle","да","2","0","1","0","Phase 7: Тираж: страницы 1-10","32,3"
"blog\index.html","ui-bundle","да","2","0","1","0","Phase 7: Тираж: страницы 1-10","33,8"
"blog\avto-osago-kbm\index.html","ui-bundle","да","2","0","1","0","Phase 7: Тираж: страницы 11-20","29"
"blog\avto-rashod-topliva\index.html","ui-bundle","да","2","0","1","0","Phase 7: Тираж: страницы 11-20","27,8"
"blog\avto-vladenie\index.html","ui-bundle","да","2","0","1","0","Phase 7: Тираж: страницы 11-20","31,4"
"blog\cirkulyacionnyy-nasos-podbor\index.html","ui-bundle","да","2","0","1","0","Phase 7: Тираж: страницы 11-20","28"
"blog\diametr-trub-otopleniya-raschet\index.html","ui-bundle","да","2","0","1","0","Phase 7: Тираж: страницы 11-20","25,7"
"blog\dosrochno-ili-na-vklad\index.html","ui-bundle","да","2","0","1","0","Phase 7: Тираж: страницы 11-20","30,4"
"blog\gibridnaya-strategiya-dosrochnogo\index.html","ui-bundle","да","2","0","1","0","Phase 7: Тираж: страницы 11-20","30"
"blog\gidrostrelka-raschet\index.html","ui-bundle","да","2","0","1","0","Phase 7: Тираж: страницы 11-20","27,2"
"blog\kak-oformit-dosrochnoe-pogashenie\index.html","ui-bundle","да","2","0","1","0","Phase 7: Тираж: страницы 11-20","31,6"
"blog\kak-sostavit-raspisku\index.html","ui-bundle","да","2","0","1","0","Phase 7: Тираж: страницы 11-20","33,6"
"blog\kombinirovannoe-dosrochnoe-pogashenie\index.html","ui-bundle","да","2","0","1","0","Phase 7: Тираж: страницы 21-30","30,5"
"blog\moshchnost-kotla-raschet\index.html","ui-bundle","да","2","0","1","0","Phase 7: Тираж: страницы 21-30","27,5"
"blog\nalogovy-vychet-i-dosrochnoe\index.html","ui-bundle","да","2","0","1","0","Phase 7: Тираж: страницы 21-30","29,9"
"blog\nalogovy-vychet-kvartira\index.html","ui-bundle","да","2","0","1","0","Phase 7: Тираж: страницы 21-30","28,9"
"blog\neustoyka-alimenty\index.html","ui-bundle","да","2","0","1","0","Phase 7: Тираж: страницы 21-30","30,3"
"blog\obem-sistemy-otopleniya-raschet\index.html","ui-bundle","да","2","0","1","0","Phase 7: Тираж: страницы 21-30","26,8"
"blog\otpusknye\index.html","ui-bundle","да","2","0","1","0","Phase 7: Тираж: страницы 21-30","30,1"
"blog\rasshiritelnyy-bak-podbor\index.html","ui-bundle","да","2","0","1","0","Phase 7: Тираж: страницы 21-30","26,7"
"blog\sokrashchenie-sroka-ili-platezh\index.html","ui-bundle","да","2","0","1","0","Phase 7: Тираж: страницы 21-30","31,6"
"blog\teploventilyator-vulkan\index.html","ui-bundle","да","2","0","1","0","Phase 7: Тираж: страницы 21-30","28,8"
"calculators\index.html","ui-bundle","да","2","0","1","0","Phase 7: Тираж: страницы 1-10","34,3"
"calculators\auto\index.html","ui-bundle","да","2","0","1","0","Phase 7: Тираж: страницы 1-10","26,6"
"calculators\auto\customs\index.html","ui-bundle","да","3","0","2","0","Phase 7: Тираж: страницы 41-50","46,9"
"calculators\auto\fuel\index.html","ui-bundle","да","3","0","2","0","Phase 7: Тираж: страницы 41-50","45,5"
"calculators\auto\osago\index.html","ui-bundle","да","3","0","2","0","Phase 7: Тираж: страницы 41-50","48,1"
"calculators\auto\ownership\index.html","ui-bundle","да","3","0","2","0","Phase 7: Тираж: страницы 41-50","46,3"
"calculators\construction\index.html","ui-bundle","да","2","0","1","0","Phase 7: Тираж: страницы 1-10","31,8"
"calculators\construction\brick\index.html","ui-bundle","да","3","0","2","0","Phase 7: Тираж: страницы 41-50","33"
"calculators\construction\laminate\index.html","ui-bundle","да","3","0","2","0","Phase 7: Тираж: страницы 41-50","34,2"
"calculators\construction\paint\index.html","ui-bundle","да","3","0","2","0","Phase 7: Тираж: страницы 41-50","33"
"calculators\construction\plaster\index.html","ui-bundle","да","3","0","2","0","Phase 7: Тираж: страницы 41-50","32,8"
"calculators\construction\tile\index.html","ui-bundle","да","3","0","2","0","Phase 7: Тираж: страницы 41-50","33,3"
"calculators\construction\wallpaper\index.html","ui-bundle","да","3","0","2","0","Phase 7: Тираж: страницы 41-50","33,4"
"calculators\engineering\index.html","ui-bundle","да","2","0","1","0","Phase 7: Тираж: страницы 1-10","28"
"calculators\engineering\gidrostrelka\index.html","ui-bundle","да","2","0","2","0","Phase 7: Тираж: страницы 51-60","64,2"
"calculators\engineering\otoplenie-obem\index.html","ui-bundle","да","2","0","2","0","Phase 7: Тираж: страницы 51-60","54,1"
"calculators\engineering\vulkan\index.html","ui-bundle","да","2","0","2","0","Phase 7: Тираж: страницы 51-60","58,2"
"calculators\finance\index.html","ui-bundle","да","2","0","1","0","Phase 7: Тираж: страницы 1-10","38"
"calculators\finance\alimony\index.html","ui-bundle","да","3","0","2","0","Phase 7: Тираж: страницы 31-40","39"
"calculators\finance\average-earnings\index.html","ui-bundle","да","3","0","2","0","Phase 7: Тираж: страницы 71-80","38,3"
"calculators\finance\compound-interest\index.html","ui-bundle","да","3","0","2","0","Phase 7: Тираж: страницы 71-80","38,4"
"calculators\finance\credit\index.html","ui-bundle","да","3","0","2","0","Phase 7: Тираж: страницы 31-40","43,3"
"calculators\finance\deposit\index.html","ui-bundle","да","3","0","2","0","Phase 7: Тираж: страницы 31-40","42,8"
"calculators\finance\dosrochnoe\index.html","ui-bundle","да","2","0","3","0","Phase 7: Тираж: страницы 71-80","31,7"
"calculators\finance\ip-insurance\index.html","ui-bundle","да","3","0","2","0","Phase 7: Тираж: страницы 71-80","33,2"
"calculators\finance\maternity\index.html","ui-bundle","да","3","0","2","0","Phase 7: Тираж: страницы 71-80","39,1"
"calculators\finance\mortgage\index.html","ui-bundle","да","3","0","2","0","Phase 7: Тираж: страницы 31-40","39"
"calculators\finance\ndfl\index.html","ui-bundle","да","3","0","2","0","Phase 7: Тираж: страницы 31-40","37,3"
"calculators\finance\penalty\index.html","ui-bundle","да","3","0","2","0","Phase 7: Тираж: страницы 31-40","38,7"
"calculators\finance\salary-delay\index.html","ui-bundle","да","3","0","2","0","Phase 7: Тираж: страницы 71-80","39,9"
"calculators\finance\sick-leave\index.html","ui-bundle","да","3","0","2","0","Phase 7: Тираж: страницы 31-40","38,3"
"calculators\finance\tax-freelancer\index.html","ui-bundle","да","3","0","2","0","Phase 7: Тираж: страницы 31-40","38,2"
"calculators\finance\vacation-pay\index.html","ui-bundle","да","3","0","2","0","Phase 7: Тираж: страницы 31-40","38,8"
"calculators\finance\vat\index.html","ui-bundle","да","3","0","2","0","Phase 7: Тираж: страницы 31-40","38"
"contact\index.html","ui-bundle","да","3","0","1","0","Phase 7: Тираж: страницы 71-80","17,3"
"converters\index.html","ui-bundle","да","2","0","1","0","Phase 7: Тираж: страницы 1-10","29,7"
"converters\csv-to-xlsx\index.html","ui-bundle","да","3","0","1","0","Phase 7: Тираж: страницы 61-70","30,8"
"converters\dadata\index.html","ui-bundle","да","3","0","1","0","Phase 7: Тираж: страницы 61-70","33,5"
"converters\image-converter\index.html","ui-bundle","да","3","0","1","0","Phase 7: Тираж: страницы 61-70","30,3"
"converters\pdf-to-word\index.html","ui-bundle","да","3","0","1","0","Phase 7: Тираж: страницы 61-70","31,5"
"converters\qr-generator\index.html","ui-bundle","да","3","0","1","0","Phase 7: Тираж: страницы 61-70","33,2"
"converters\seo-translit\index.html","ui-bundle","да","3","0","1","0","Phase 7: Тираж: страницы 61-70","34,5"
"games\index.html","ui-bundle","да","2","0","1","0","Phase 7: Тираж: страницы 1-10","29,7"
"games\2048\index.html","ui-bundle","да","3","0","2","0","Phase 7: Тираж: страницы 61-70","53,2"
"games\bubble\index.html","ui-bundle","да","3","0","2","0","Phase 7: Тираж: страницы 61-70","58,8"
"games\water\index.html","ui-bundle","да","4","0","2","0","Phase 7: Тираж: страницы 61-70","43"
"generators\index.html","ui-bundle","да","2","0","1","0","Phase 7: Тираж: страницы 1-10","33"
"generators\_template.html","ui-bundle","да","2","0","2","0","Phase 7: Тираж: страницы 81-84 (последние)","10,7"
"generators\auto\index.html","ui-bundle","да","2","0","1","0","Phase 7: Тираж: страницы 71-80","21,3"
"generators\auto\raspiska\index.html","ui-bundle","да","2","0","2","0","Phase 7: Тираж: страницы 51-60","40,6"
"generators\contract\index.html","ui-bundle","да","3","0","2","0","Phase 7: Тираж: страницы 51-60","35"
"generators\invoice\index.html","ui-bundle","да","3","0","2","0","Phase 7: Тираж: страницы 51-60","35"
"generators\leave-request\index.html","ui-bundle","да","3","0","2","0","Phase 7: Тираж: страницы 51-60","34,6"
"generators\power-of-attorney\index.html","ui-bundle","да","3","0","2","0","Phase 7: Тираж: страницы 51-60","35,1"
"generators\report\index.html","ui-bundle","да","3","0","2","0","Phase 7: Тираж: страницы 51-60","32,7"
"generators\resume\index.html","ui-bundle","да","3","0","2","0","Phase 7: Тираж: страницы 51-60","34"
"popular\index.html","ui-bundle","да","3","0","1","0","Phase 7: Тираж: страницы 71-80","15,2"
"privacy\index.html","ui-bundle","да","1","0","1","0","Phase 7: Тираж: страницы 81-84 (последние)","20,6"
"reviews\index.html","ui-bundle","да","2","0","1","0","Phase 7: Тираж: страницы 71-80","13,9"
