страница;категория;балл;"знаков с пробелами";слов;FAQ-блоков;FAQPage;Поделиться;Почта;"title знаков";"description знаков";входящих;исходящих;H2;списков;картинок;файл;проблемы
/;готово;85;10077;1419;6;да;обвязка;обвязка;53;145;90;54;10;2;1;index.html;"в первом абзаце нет ключа «онлайн-калькуляторы» — добавьте его в первое предложение / плотность ключа 0.2% — ключ «онлайн-калькуляторы» почти не встречается в тексте"
/blog/;частично;95;4461;632;0;нет;обвязка;обвязка;41;146;93;56;5;1;0;blog/index.html;"title 41 знаков — коротко, тема не раскрывается (норма 45–60)"
/blog/otpusknye/;готово;100;6629;996;4;да;обвязка;обвязка;56;140;4;37;9;3;0;blog/otpusknye/index.html;
/blog/avto-rashod-topliva/;готово;100;5580;843;4;да;обвязка;обвязка;58;142;2;34;9;1;0;blog/avto-rashod-topliva/index.html;
/blog/avto-vladenie/;готово;100;6820;1074;5;да;обвязка;обвязка;53;147;2;38;8;1;0;blog/avto-vladenie/index.html;
/blog/avto-osago-kbm/;готово;95;5971;892;4;да;обвязка;обвязка;48;156;2;34;9;1;0;blog/avto-osago-kbm/index.html;"плотность ключа 4.1% — переспам, поисковик может счесть переоптимизацией"
/blog/nalogovy-vychet-kvartira/;готово;100;6010;970;4;да;обвязка;обвязка;51;141;5;36;10;1;0;blog/nalogovy-vychet-kvartira/index.html;
/blog/kak-sostavit-raspisku/;готово;100;7682;1156;5;да;обвязка;обвязка;60;148;2;33;12;3;0;blog/kak-sostavit-raspisku/index.html;
/contact/;частично;80;2386;345;0;нет;обвязка;обвязка;51;156;82;32;3;1;0;contact/index.html;"в первом абзаце нет ключа «контакты» — добавьте его в первое предложение / слов в основном тексте 260 — мало, нужно от 500"
/reviews/;частично;85;3178;478;0;нет;обвязка;обвязка;48;147;82;33;4;1;0;reviews/index.html;"слов в основном тексте 389 — мало, нужно от 500 / плотность ключа 3.1% — переспам, поисковик может счесть переоптимизацией"
/blog/obem-sistemy-otopleniya-raschet/;готово;85;5358;801;4;да;обвязка;обвязка;73;210;7;37;6;0;0;blog/obem-sistemy-otopleniya-raschet/index.html;"title 73 знаков — в выдаче обрежется после 60 / description 210 знаков — длинно (норма 140–160) / на странице нет списков — добавьте перечисление"
/blog/gidrostrelka-raschet/;готово;85;5223;749;4;да;обвязка;обвязка;77;189;8;38;8;0;0;blog/gidrostrelka-raschet/index.html;"title 77 знаков — в выдаче обрежется после 60 / description 189 знаков — длинно (норма 140–160) / на странице нет списков — добавьте перечисление"
/blog/teploventilyator-vulkan/;готово;85;6537;1036;4;да;обвязка;обвязка;80;184;4;38;8;0;0;blog/teploventilyator-vulkan/index.html;"title 80 знаков — в выдаче обрежется после 60 / description 184 знаков — длинно (норма 140–160) / на странице нет списков — добавьте перечисление"
/blog/moshchnost-kotla-raschet/;готово;80;5457;803;4;да;обвязка;обвязка;77;186;4;38;8;0;0;blog/moshchnost-kotla-raschet/index.html;"title 77 знаков — в выдаче обрежется после 60 / description 186 знаков — длинно (норма 140–160) / в description нет ключа «расчёт мощности котла отопления» — добавьте его в описание / на странице нет списков — добавьте перечисление"
/blog/diametr-trub-otopleniya-raschet/;готово;100;5024;755;4;да;обвязка;обвязка;55;145;3;37;7;1;0;blog/diametr-trub-otopleniya-raschet/index.html;
/blog/rasshiritelnyy-bak-podbor/;готово;80;5388;796;4;да;обвязка;обвязка;69;186;3;37;8;0;0;blog/rasshiritelnyy-bak-podbor/index.html;"title 69 знаков — в выдаче обрежется после 60 / description 186 знаков — длинно (норма 140–160) / в description нет ключа «расширительный бак» — добавьте его в описание / на странице нет списков — добавьте перечисление"
/blog/cirkulyacionnyy-nasos-podbor/;готово;85;5814;821;4;да;обвязка;обвязка;70;167;4;38;8;0;0;blog/cirkulyacionnyy-nasos-podbor/index.html;"title 70 знаков — в выдаче обрежется после 60 / description 167 знаков — длинно (норма 140–160) / на странице нет списков — добавьте перечисление"
/blog/neustoyka-alimenty/;готово;95;6804;995;4;да;обвязка;обвязка;59;152;4;36;10;2;0;blog/neustoyka-alimenty/index.html;"плотность ключа 2.8% — переспам, поисковик может счесть переоптимизацией"
/blog/sokrashchenie-sroka-ili-platezh/;готово;90;6994;1015;5;да;обвязка;обвязка;49;148;12;39;9;0;0;blog/sokrashchenie-sroka-ili-platezh/index.html;"на странице нет списков — добавьте перечисление / плотность ключа 3.9% — переспам, поисковик может счесть переоптимизацией"
/blog/gibridnaya-strategiya-dosrochnogo/;готово;85;6413;950;5;да;обвязка;обвязка;50;132;9;37;8;0;0;blog/gibridnaya-strategiya-dosrochnogo/index.html;"description 132 знаков — мало (норма 140–160) / в description нет ключа «гибридная стратегия» — добавьте его в описание / на странице нет списков — добавьте перечисление"
/blog/dosrochno-ili-na-vklad/;готово;80;6524;964;5;да;обвязка;обвязка;56;151;5;38;9;0;0;blog/dosrochno-ili-na-vklad/index.html;"в title нет ключа «досрочное погашение» — добавьте его в заголовок / в description нет ключа «досрочное погашение» — добавьте его в описание / на странице нет списков — добавьте перечисление / плотность ключа 4% — переспам, поисковик может счесть переоптимизацией"
/blog/kak-oformit-dosrochnoe-pogashenie/;готово;85;7104;996;5;да;обвязка;обвязка;51;147;11;37;9;1;0;blog/kak-oformit-dosrochnoe-pogashenie/index.html;"в description нет ключа «оформление досрочного погашения» — добавьте его в описание / в первом абзаце нет ключа «оформление досрочного погашения» — добавьте его в первое предложение"
/blog/kombinirovannoe-dosrochnoe-pogashenie/;готово;100;6888;980;5;да;обвязка;обвязка;45;144;9;39;8;1;0;blog/kombinirovannoe-dosrochnoe-pogashenie/index.html;
/blog/nalogovy-vychet-i-dosrochnoe/;готово;90;6167;920;5;да;обвязка;обвязка;47;157;3;39;8;1;0;blog/nalogovy-vychet-i-dosrochnoe/index.html;"в title нет ключа «досрочное погашение ипотеки» — добавьте его в заголовок / в description нет ключа «досрочное погашение ипотеки» — добавьте его в описание"
/calculators/finance/tax-freelancer/;готово;100;8407;1340;8;да;обвязка;обвязка;57;154;7;36;8;2;0;calculators/finance/tax-freelancer/index.html;
/calculators/finance/vacation-pay/;готово;85;8601;1283;8;да;обвязка;обвязка;45;133;10;36;8;2;0;calculators/finance/vacation-pay/index.html;"description 133 знаков — мало (норма 140–160) / в первом абзаце нет ключа «калькулятор отпускных» — добавьте его в первое предложение"
/calculators/finance/mortgage/;готово;85;8895;1311;6;да;обвязка;обвязка;58;140;19;36;11;3;0;calculators/finance/mortgage/index.html;"в первом абзаце нет ключа «ипотечный калькулятор» — добавьте его в первое предложение / плотность ключа 0.3% — ключ «ипотечный калькулятор» почти не встречается в тексте"
/calculators/finance/deposit/;готово;90;9151;1432;8;да;обвязка;обвязка;52;141;9;36;8;3;0;calculators/finance/deposit/index.html;"в первом абзаце нет ключа «калькулятор вкладов» — добавьте его в первое предложение"
/generators/power-of-attorney/;готово;85;6249;837;6;да;обвязка;обвязка;44;145;82;33;6;1;0;generators/power-of-attorney/index.html;"title 44 знаков — коротко, тема не раскрывается (норма 45–60) / в первом абзаце нет ключа «генератор доверенности» — добавьте его в первое предложение"
/generators/contract/;готово;90;6577;931;6;да;обвязка;обвязка;56;145;82;33;7;2;0;generators/contract/index.html;"в первом абзаце нет ключа «генератор договора» — добавьте его в первое предложение"
/generators/leave-request/;готово;100;6445;948;6;да;обвязка;обвязка;51;142;82;34;6;1;0;generators/leave-request/index.html;
/converters/image-converter/;готово;90;5617;805;6;да;обвязка;обвязка;51;143;82;32;7;2;0;converters/image-converter/index.html;"в первом абзаце нет ключа «сжатие изображений» — добавьте его в первое предложение"
/converters/csv-to-xlsx/;готово;85;6027;856;6;да;обвязка;обвязка;40;156;82;32;7;2;0;converters/csv-to-xlsx/index.html;"title 40 знаков — коротко, тема не раскрывается (норма 45–60) / в первом абзаце нет ключа «конвертер csv» — добавьте его в первое предложение"
/converters/pdf-to-word/;готово;100;6197;875;6;да;обвязка;обвязка;52;149;82;32;7;2;0;converters/pdf-to-word/index.html;
/generators/resume/;готово;90;6298;910;6;да;обвязка;обвязка;53;142;82;32;7;2;0;generators/resume/index.html;"в первом абзаце нет ключа «генератор резюме» — добавьте его в первое предложение"
/calculators/finance/penalty/;готово;90;8427;1298;8;да;обвязка;обвязка;55;144;13;36;8;3;0;calculators/finance/penalty/index.html;"в первом абзаце нет ключа «калькулятор пени» — добавьте его в первое предложение"
/calculators/finance/vat/;готово;85;8205;1410;8;да;обвязка;обвязка;52;139;7;36;8;3;0;calculators/finance/vat/index.html;"description 139 знаков — мало (норма 140–160) / в первом абзаце нет ключа «калькулятор ндс» — добавьте его в первое предложение"
/calculators/construction/brick/;готово;90;6351;1045;6;да;обвязка;обвязка;55;140;3;36;7;2;0;calculators/construction/brick/index.html;"в первом абзаце нет ключа «калькулятор кирпича» — добавьте его в первое предложение"
/calculators/finance/alimony/;готово;100;8653;1256;8;да;обвязка;обвязка;49;152;6;36;8;3;0;calculators/finance/alimony/index.html;
/calculators/construction/wallpaper/;готово;90;6382;1062;6;да;обвязка;обвязка;51;140;8;36;7;2;0;calculators/construction/wallpaper/index.html;"в первом абзаце нет ключа «калькулятор обоев» — добавьте его в первое предложение"
/generators/invoice/;готово;80;5986;898;6;да;обвязка;обвязка;48;136;82;33;6;1;0;generators/invoice/index.html;"в title нет ключа «генератор счёта» — добавьте его в заголовок / description 136 знаков — мало (норма 140–160) / в первом абзаце нет ключа «генератор счёта» — добавьте его в первое предложение"
/generators/report/;готово;80;6018;890;6;да;обвязка;обвязка;42;133;82;33;7;2;0;generators/report/index.html;"title 42 знаков — коротко, тема не раскрывается (норма 45–60) / description 133 знаков — мало (норма 140–160) / в первом абзаце нет ключа «генератор pdf-отчёта» — добавьте его в первое предложение"
/converters/dadata/;готово;95;6758;965;6;да;обвязка;обвязка;37;140;82;32;7;1;0;converters/dadata/index.html;"title 37 знаков — коротко, тема не раскрывается (норма 45–60)"
/calculators/construction/;готово;85;5592;829;6;да;обвязка;обвязка;40;142;84;38;5;1;0;calculators/construction/index.html;"title 40 знаков — коротко, тема не раскрывается (норма 45–60) / в первом абзаце нет ключа «калькуляторы стройки» — добавьте его в первое предложение"
/calculators/construction/tile/;готово;90;6313;1047;6;да;обвязка;обвязка;59;141;8;36;7;2;0;calculators/construction/tile/index.html;"в первом абзаце нет ключа «калькулятор плитки» — добавьте его в первое предложение"
/calculators/construction/laminate/;готово;80;6341;1038;6;да;обвязка;обвязка;42;141;7;36;7;2;0;calculators/construction/laminate/index.html;"title 42 знаков — коротко, тема не раскрывается (норма 45–60) / в первом абзаце нет ключа «калькулятор ламината» — добавьте его в первое предложение / плотность ключа 0.4% — ключ «калькулятор ламината» почти не встречается в тексте"
/calculators/construction/plaster/;готово;90;6252;996;6;да;обвязка;обвязка;47;142;9;36;7;2;0;calculators/construction/plaster/index.html;"в первом абзаце нет ключа «калькулятор штукатурки» — добавьте его в первое предложение"
/calculators/construction/paint/;готово;85;6167;990;6;да;обвязка;обвязка;48;139;8;36;7;2;0;calculators/construction/paint/index.html;"description 139 знаков — мало (норма 140–160) / в первом абзаце нет ключа «калькулятор краски» — добавьте его в первое предложение"
/calculators/finance/;готово;100;6839;1003;6;да;обвязка;обвязка;55;143;83;48;7;1;0;calculators/finance/index.html;
/calculators/finance/credit/;готово;80;10159;1574;8;да;обвязка;обвязка;58;139;18;36;9;3;0;calculators/finance/credit/index.html;"description 139 знаков — мало (норма 140–160) / в первом абзаце нет ключа «кредитный калькулятор» — добавьте его в первое предложение / плотность ключа 0.4% — ключ «кредитный калькулятор» почти не встречается в тексте"
/calculators/finance/sick-leave/;готово;90;8051;1260;8;да;обвязка;обвязка;51;142;7;36;7;2;0;calculators/finance/sick-leave/index.html;"в первом абзаце нет ключа «калькулятор больничного» — добавьте его в первое предложение"
/calculators/finance/maternity/;готово;90;8496;1326;8;да;обвязка;обвязка;57;146;5;36;8;3;0;calculators/finance/maternity/index.html;"в первом абзаце нет ключа «калькулятор декретных» — добавьте его в первое предложение"
/calculators/finance/ndfl/;готово;90;8042;1348;8;да;обвязка;обвязка;53;143;21;36;7;1;0;calculators/finance/ndfl/index.html;"в первом абзаце нет ключа «калькулятор ндфл» — добавьте его в первое предложение"
/calculators/finance/ip-insurance/;готово;100;6559;1050;6;да;обвязка;обвязка;57;155;6;36;7;2;0;calculators/finance/ip-insurance/index.html;
/calculators/finance/salary-delay/;готово;85;8872;1329;8;да;обвязка;обвязка;58;149;9;36;8;3;0;calculators/finance/salary-delay/index.html;"в первом абзаце нет ключа «компенсация» — добавьте его в первое предложение / плотность ключа 3% — переспам, поисковик может счесть переоптимизацией"
/calculators/finance/compound-interest/;готово;80;8170;1246;8;да;обвязка;обвязка;55;136;3;36;8;1;0;calculators/finance/compound-interest/index.html;"description 136 знаков — мало (норма 140–160) / в первом абзаце нет ключа «сложный процент» — добавьте его в первое предложение / плотность ключа 3% — переспам, поисковик может счесть переоптимизацией"
/calculators/finance/average-earnings/;готово;85;8138;1215;8;да;обвязка;обвязка;40;136;8;36;7;2;0;calculators/finance/average-earnings/index.html;"title 40 знаков — коротко, тема не раскрывается (норма 45–60) / description 136 знаков — мало (норма 140–160) / плотность ключа 4.7% — переспам, поисковик может счесть переоптимизацией"
/games/;готово;85;5269;780;6;да;обвязка;обвязка;46;134;82;32;6;1;0;games/index.html;"description 134 знаков — мало (норма 140–160) / в первом абзаце нет ключа «мини-игры» — добавьте его в первое предложение"
/games/2048/;готово;95;5206;818;6;да;static;обвязка;59;145;82;32;7;1;0;games/2048/index.html;"плотность ключа 3% — переспам, поисковик может счесть переоптимизацией"
/games/bubble/;готово;95;5341;798;6;да;static;обвязка;58;145;82;32;7;1;0;games/bubble/index.html;"в description нет ключа «пузыри» — добавьте его в описание"
/games/water/;готово;90;5680;824;6;да;static;обвязка;49;147;82;32;6;1;0;games/water/index.html;"в первом абзаце нет ключа «water glow» — добавьте его в первое предложение"
/converters/qr-generator/;готово;80;6228;917;6;да;обвязка;обвязка;43;128;82;32;7;2;0;converters/qr-generator/index.html;"title 43 знаков — коротко, тема не раскрывается (норма 45–60) / description 128 знаков — мало (норма 140–160) / в первом абзаце нет ключа «генератор qr-кода» — добавьте его в первое предложение"
/converters/seo-translit/;готово;80;6644;929;6;да;обвязка;обвязка;52;145;82;32;7;2;0;converters/seo-translit/index.html;"в title нет ключа «seo транслит» — добавьте его в заголовок / в description нет ключа «seo транслит» — добавьте его в описание / в первом абзаце нет ключа «seo транслит» — добавьте его в первое предложение"
/privacy/;частично;65;5600;773;0;нет;обвязка;обвязка;37;123;82;32;11;1;0;privacy/index.html;"title 37 знаков — коротко, тема не раскрывается (норма 45–60) / description 123 знаков — мало (норма 140–160) / в description нет ключа «политика конфиденциальности» — добавьте его в описание / в первом абзаце нет ключа «политика конфиденциальности» — добавьте его в первое предложение / внутренних ссылок в тексте 1 — добавьте ссылки на смежные страницы (меню и крошки не считаются)"
/calculators/;готово;90;5979;822;6;да;обвязка;обвязка;47;133;83;38;7;2;0;calculators/index.html;"в title нет ключа «калькуляторы» — добавьте его в заголовок / description 133 знаков — мало (норма 140–160)"
/calculators/auto/;готово;85;4839;684;3;да;обвязка;обвязка;53;148;82;36;3;0;0;calculators/auto/index.html;"в первом абзаце нет ключа «авто-калькуляторы» — добавьте его в первое предложение / на странице нет списков — добавьте перечисление"
/calculators/engineering/;готово;80;5334;727;3;да;обвязка;обвязка;63;145;83;35;3;0;0;calculators/engineering/index.html;"title 63 знаков — в выдаче обрежется после 60 / в первом абзаце нет ключа «инженерные расчёты» — добавьте его в первое предложение / на странице нет списков — добавьте перечисление"
/calculators/engineering/otoplenie-obem/;частично;90;8914;1303;0;да;static;обвязка;52;157;12;35;2;1;0;calculators/engineering/otoplenie-obem/index.html;"в первом абзаце нет ключа «калькулятор объёма системы отопления» — добавьте его в первое предложение"
/calculators/engineering/gidrostrelka/;частично;90;9991;1360;0;да;static;обвязка;50;151;10;34;2;3;0;calculators/engineering/gidrostrelka/index.html;"в первом абзаце нет ключа «калькулятор гидрострелки» — добавьте его в первое предложение"
/calculators/engineering/vulkan/;частично;90;9641;1467;0;да;static;обвязка;51;143;3;35;2;1;0;calculators/engineering/vulkan/index.html;"в первом абзаце нет ключа «калькулятор тепловентилятора» — добавьте его в первое предложение"
/calculators/auto/fuel/;готово;90;9993;1554;5;да;обвязка;обвязка;54;147;4;34;10;1;0;calculators/auto/fuel/index.html;"в первом абзаце нет ключа «калькулятор расхода топлива» — добавьте его в первое предложение"
/calculators/auto/ownership/;готово;85;10404;1700;5;да;обвязка;обвязка;52;160;7;35;9;2;0;calculators/auto/ownership/index.html;"в description нет ключа «стоимость владения автомобилем» — добавьте его в описание / в первом абзаце нет ключа «стоимость владения автомобилем» — добавьте его в первое предложение"
/calculators/auto/osago/;готово;80;11605;1809;6;да;обвязка;обвязка;54;147;4;34;9;1;0;calculators/auto/osago/index.html;"в description нет ключа «калькулятор осаго» — добавьте его в описание / в первом абзаце нет ключа «калькулятор осаго» — добавьте его в первое предложение / плотность ключа 0.4% — ключ «калькулятор осаго» почти не встречается в тексте"
/calculators/auto/customs/;готово;100;10563;1595;6;да;обвязка;обвязка;55;156;3;34;9;1;0;calculators/auto/customs/index.html;
/generators/;готово;85;5871;806;6;да;обвязка;обвязка;31;142;84;32;7;1;0;generators/index.html;"title 31 знаков — коротко, тема не раскрывается (норма 45–60) / в первом абзаце нет ключа «генераторы документов» — добавьте его в первое предложение"
/generators/auto/;частично;100;4266;613;0;нет;обвязка;обвязка;52;149;82;33;3;1;0;generators/auto/index.html;
/generators/auto/raspiska/;готово;100;9396;1372;6;да;обвязка;обвязка;45;151;82;34;9;2;0;generators/auto/raspiska/index.html;
/converters/;готово;85;5007;700;6;да;обвязка;обвязка;27;151;82;32;6;1;0;converters/index.html;"title 27 знаков — коротко, тема не раскрывается (норма 45–60) / в первом абзаце нет ключа «конвертеры» — добавьте его в первое предложение"
/about/;готово;90;6472;887;6;да;обвязка;обвязка;56;154;82;32;8;2;0;about/index.html;"в первом абзаце нет ключа «проекте» — добавьте его в первое предложение"
/popular/;частично;90;1932;271;0;нет;обвязка;обвязка;48;152;82;38;3;1;0;popular/index.html;"слов в основном тексте 187 — мало, нужно от 500"
/calculators/finance/dosrochnoe/;частично;85;7856;1052;0;да;static;обвязка;50;150;13;40;5;1;0;calculators/finance/dosrochnoe/index.html;"в первом абзаце нет ключа «калькулятор досрочного погашения кредита» — добавьте его в первое предложение / плотность ключа 0.4% — ключ «калькулятор досрочного погашения кредита» почти не встречается в тексте"
